City_ID,City,Lat,Lng,Max Temp,Humidity,Cloudiness,Wind Speed,Country,Date
0,atuona,-9.8,-139.0333,26.84,78,19,6.75,PF,1680378071
1,avarua,-21.2078,-159.775,28.03,78,75,2.06,CK,1680378072
2,hermanus,-34.4187,19.2345,17.11,83,0,3.96,ZA,1680378072
3,tilichiki,60.4667,166.1,-10.54,97,87,1.63,RU,1680378072
4,pemberton,50.3164,-122.8027,3.83,65,100,2.44,CA,1680378072
5,katsuura,35.1333,140.3,14.01,76,100,6.0,JP,1680378073
6,salalah,17.0151,54.0924,28.05,83,75,4.12,OM,1680378073
7,bourail,-21.5667,165.4833,24.47,88,12,0.82,NC,1680378074
8,mataura,-46.1927,168.8643,13.04,98,100,2.1,NZ,1680377495
9,rorvik,64.8621,11.2373,2.06,55,20,3.6,NO,1680378075
10,cidreira,-30.1811,-50.2056,21.73,61,89,6.23,BR,1680378075
11,macamic,48.7502,-78.9996,-6.8,83,100,8.09,CA,1680378075
12,barrow,71.2906,-156.7887,-16.99,100,100,2.06,US,1680378075
13,vaini,-21.2,-175.2,25.09,88,20,2.57,TO,1680378076
14,albany,42.6001,-73.9662,22.54,33,0,0.45,US,1680378055
15,longyearbyen,78.2186,15.6401,-12.09,72,75,4.63,SJ,1680377776
16,jamestown,42.097,-79.2353,8.62,91,100,7.72,US,1680378076
17,egvekinot,66.3167,-179.1667,-11.22,93,100,0.66,RU,1680378077
18,thompson,55.7435,-97.8558,-7.91,38,40,3.09,CA,1680378077
19,ushuaia,-54.8,-68.3,8.81,61,0,3.09,AR,1680378077
20,castro,-24.7911,-50.0119,23.8,72,61,1.01,BR,1680378077
21,oranjemund,-28.55,16.4333,16.55,94,1,3.09,NA,1680378077
22,butaritari,3.0707,172.7902,27.45,75,100,5.67,KI,1680378078
23,trinidad,-14.8333,-64.9,24.99,94,75,4.12,BO,1680378078
24,dikson,73.5069,80.5464,-11.95,98,100,3.38,RU,1680378078
25,micheldorf,46.9222,14.4405,8.89,92,96,2.31,AT,1680378079
26,port alfred,-33.5906,26.891,20.1,88,27,0.45,ZA,1680378079
27,port lincoln,-34.7333,135.8667,14.12,66,20,4.7,AU,1680378079
28,rikitea,-23.1203,-134.9692,26.74,81,41,6.69,PF,1680378054
29,new norfolk,-42.7826,147.0587,12.18,88,100,0.45,AU,1680378080
30,provideniya,64.3833,-173.3,-6.87,95,97,4.34,RU,1680378080
31,gizo,-8.103,156.8419,27.25,74,100,0.86,SB,1680378080
32,busselton,-33.65,115.3333,14.38,90,1,3.49,AU,1680378080
33,faanui,-16.4833,-151.75,27.93,72,1,3.29,PF,1680378081
34,hobart,-42.8794,147.3294,12.37,80,100,4.12,AU,1680378081
35,yellowknife,62.456,-114.3525,-12.71,66,100,10.29,CA,1680377934
36,segezha,63.7415,34.3222,-11.39,99,66,1.92,RU,1680378021
37,krasnoye,49.9145,24.6134,7.83,89,97,2.37,UA,1680378082
38,mackay,-21.15,149.2,24.27,92,62,1.83,AU,1680377855
39,panguna,-6.3164,155.4848,19.48,93,100,0.82,PG,1680378082
40,alihe,50.5667,123.7167,6.7,89,100,1.78,CN,1680378083
41,borsec,46.95,25.5667,2.33,94,100,1.27,RO,1680378083
42,naze,28.3667,129.4833,17.51,88,16,6.73,JP,1680378083
43,cape town,-33.9258,18.4232,18.84,82,0,6.69,ZA,1680377973
44,georgetown,5.4112,100.3354,27.96,89,20,1.03,MY,1680378001
45,chokurdakh,70.6333,147.9167,-34.2,100,98,3.12,RU,1680378084
46,san pedro,14.35,121.0167,26.86,84,20,0.51,PH,1680378084
47,bredasdorp,-34.5322,20.0403,16.71,95,0,2.32,ZA,1680378084
48,ahipara,-35.1667,173.1667,17.91,92,100,0.45,NZ,1680378084
49,ribeira grande,38.5167,-28.7,18.22,82,20,10.28,PT,1680378085
50,cururupu,-1.8283,-44.8683,23.01,99,100,0.88,BR,1680377842
51,puerto ayora,-0.7393,-90.3518,30.98,85,83,3.13,EC,1680378085
52,niamey,13.5137,2.1098,36.16,6,66,3.6,NE,1680378086
53,abu samrah,35.3029,37.1841,10.19,80,56,3.97,SY,1680378086
54,kaitangata,-46.2817,169.8464,12.74,92,68,3.4,NZ,1680378086
55,bluff,-46.6,168.3333,13.22,80,100,8.23,NZ,1680378086
56,khatanga,71.9667,102.5,-7.0,93,100,9.31,RU,1680378086
57,saskylakh,71.9167,114.0833,-9.69,93,100,7.42,RU,1680378087
58,omboue,-1.5746,9.2618,24.13,90,98,2.08,GA,1680378087
59,hue,16.4667,107.6,25.06,94,40,2.06,VN,1680378087
60,treinta y tres,-33.2333,-54.3833,23.78,35,0,4.98,UY,1680378087
61,grindavik,63.8424,-22.4338,4.26,87,75,13.89,IS,1680378088
62,esperance,-33.8667,121.9,17.95,84,100,5.76,AU,1680377924
63,golubitskaya,45.3222,37.2822,8.23,66,96,3.85,RU,1680378088
64,chumikan,54.7183,135.315,-2.42,95,99,1.67,RU,1680378088
65,severo-kurilsk,50.6789,156.125,-0.04,94,28,7.0,RU,1680377938
66,bethel,41.3712,-73.414,22.79,70,75,3.09,US,1680378089
67,jalingo,8.8833,11.3667,30.33,14,27,0.06,NG,1680378089
68,sao joao da barra,-21.6403,-41.0511,31.05,83,75,3.6,BR,1680377885
69,arraial do cabo,-22.9661,-42.0278,27.92,74,20,6.69,BR,1680378090
70,jieshi,22.8134,115.8257,20.34,89,97,4.4,CN,1680378090
71,portland,45.5234,-122.6762,9.51,84,100,6.17,US,1680377934
72,misratah,32.3754,15.0925,21.56,41,88,1.24,LY,1680378091
73,kontagora,10.3999,5.4695,30.86,11,9,0.29,NG,1680378092
74,biltine,14.5333,20.9167,28.13,12,80,4.72,TD,1680378092
75,anadyr,64.75,177.4833,-15.72,84,0,12.0,RU,1680377837
76,urcos,-13.6861,-71.6228,19.94,64,98,2.99,PE,1680378092
77,isla mujeres,21.2311,-86.731,30.09,66,2,5.55,MX,1680378093
78,carballo,43.213,-8.691,12.15,86,11,1.66,ES,1680378093
79,yambio,4.5721,28.3955,23.36,55,82,0.94,SS,1680378093
80,allapalli,19.4167,80.0667,27.22,59,87,1.73,IN,1680378094
81,qaanaaq,77.484,-69.3632,-23.32,74,7,1.5,GL,1680378094
82,kapaa,22.0752,-159.319,22.18,86,100,2.57,US,1680378094
83,la paz,-16.5,-68.15,15.99,41,75,7.72,BO,1680377813
84,borisoglebsk,51.3671,42.0849,5.31,85,41,1.86,RU,1680378095
85,srednekolymsk,67.45,153.6833,-25.62,99,100,2.9,RU,1680378095
86,airai,-8.9266,125.4092,15.38,95,100,0.8,TL,1680378095
87,punta arenas,-53.15,-70.9167,12.06,54,20,11.32,CL,1680377875
88,hithadhoo,-0.6,73.0833,27.8,71,100,2.22,MV,1680378096
89,saint-paul-les-dax,43.7272,-1.0516,12.29,84,53,4.12,FR,1680378096
90,nicoya,10.1483,-85.452,33.86,38,61,6.56,CR,1680377566
91,buenaventura,3.8801,-77.0312,29.04,74,65,2.67,CO,1680378094
92,neuquen,-38.9516,-68.0591,26.94,26,0,1.54,AR,1680378096
93,hobyo,5.3505,48.5268,28.69,75,93,6.1,SO,1680378096
94,muravlenko,63.7898,74.523,1.11,85,100,10.97,RU,1680378097
95,klaksvik,62.2266,-6.589,6.51,90,98,8.86,FO,1680378097
96,lakselv,70.0513,24.9718,-3.1,74,100,7.2,NO,1680378097
97,motygino,58.1831,94.7592,-22.19,100,28,0.5,RU,1680378097
98,port elizabeth,-33.918,25.5701,20.16,89,0,4.63,ZA,1680378097
99,stromness,58.965,-3.296,4.93,79,20,4.47,GB,1680378097
100,clyde river,70.4692,-68.5914,-21.87,77,20,5.66,CA,1680378033
101,alta floresta,-9.8756,-56.0861,25.9,94,40,1.03,BR,1680378098
102,maarianhamina,60.0973,19.9348,1.01,69,0,3.6,AX,1680378098
103,svetlogorsk,52.6333,29.7333,8.37,95,100,5.27,BY,1680378099
104,kruisfontein,-34.0033,24.7314,15.42,69,1,2.53,ZA,1680378099
105,truro,50.2653,-5.0544,12.13,83,75,7.2,GB,1680378099
106,san quintin,30.4833,-115.95,16.55,64,0,6.54,MX,1680378100
107,yulara,-25.2406,130.9889,14.88,79,20,3.08,AU,1680378100
108,tabas,33.5959,56.9244,19.12,12,79,4.12,IR,1680378101
109,faya,18.3851,42.4509,16.06,78,94,3.02,SA,1680378101
110,saint george,37.1041,-113.5841,16.91,33,0,2.24,US,1680378102
111,mahajanga,-15.7167,46.3167,28.01,83,20,1.54,MG,1680378102
112,panama city,8.9936,-79.5197,34.97,44,20,6.69,PA,1680378034
113,pangnirtung,66.1451,-65.7125,-11.0,48,75,0.0,CA,1680378102
114,tasiilaq,65.6145,-37.6368,-0.91,85,100,1.62,GL,1680378103
115,college,64.8569,-147.8028,-5.52,59,75,0.0,US,1680377935
116,san andres,12.5847,-81.7006,30.01,66,100,8.23,CO,1680378043
117,karratha,-20.7377,116.8463,27.36,73,79,2.31,AU,1680378103
118,hilo,19.7297,-155.09,27.93,77,75,2.06,US,1680378033
119,acari,-15.4311,-74.6158,27.87,70,73,4.61,PE,1680378104
120,norman wells,65.282,-126.8329,-11.98,72,100,1.03,CA,1680378104
121,farafangana,-22.8167,47.8333,24.64,82,100,0.8,MG,1680378104
122,zakamensk,50.3741,103.2863,-13.67,59,100,4.29,RU,1680378104
123,lagos,6.5833,3.75,29.18,79,90,2.32,NG,1680378058
124,marsh harbour,26.5412,-77.0636,24.9,75,28,6.59,BS,1680378105
125,daoukro,7.0591,-3.9631,28.17,59,100,1.02,CI,1680378105
126,arman,59.7,150.1667,-3.32,97,100,1.15,RU,1680378105
127,gandu,-13.7439,-39.4867,27.11,69,5,2.95,BR,1680377963
128,litovko,49.2361,135.1742,1.67,73,99,0.17,RU,1680378105
129,campbell river,50.0163,-125.2446,8.66,65,75,2.57,CA,1680378049
130,upernavik,72.7868,-56.1549,-26.87,96,39,4.97,GL,1680378106
131,montepuez,-13.1256,38.9997,20.62,95,100,1.99,MZ,1680378106
132,luau,-10.7073,22.2247,18.12,97,94,1.63,AO,1680378106
133,jalu,29.0331,21.5482,21.53,16,0,3.07,LY,1680378106
134,adrar,20.5022,-10.0711,28.28,6,0,4.09,MR,1680378106
135,lasa,46.6166,10.7002,8.49,88,100,2.05,IT,1680378107
136,tuatapere,-46.1333,167.6833,10.5,87,100,5.77,NZ,1680378107
137,buraydah,26.326,43.975,20.25,17,65,3.96,SA,1680378107
138,sioux lookout,50.1001,-91.917,0.04,29,20,3.09,CA,1680378107
139,ust-ilimsk,58.0006,102.6619,-19.14,100,55,0.71,RU,1680378108
140,hamilton,39.1834,-84.5333,7.71,63,100,13.89,US,1680378030
141,dulovo,43.8167,27.15,11.42,94,100,7.15,BG,1680378108
142,uruzgan,32.8333,66.0,13.11,48,6,2.09,AF,1680378108
143,morristown,36.214,-83.2949,25.39,19,0,15.43,US,1680378079
144,sur,22.5667,59.5289,26.68,62,5,4.32,OM,1680378109
145,mogadishu,2.0371,45.3438,27.7,75,18,6.51,SO,1680378028
146,beira,-19.8436,34.8389,26.05,83,20,3.6,MZ,1680378109
147,bhakkar,31.6253,71.0657,19.63,71,24,2.42,PK,1680378109
148,daru,-9.0763,143.2092,25.8,86,37,2.15,PG,1680378110
149,kununurra,-15.7667,128.7333,24.99,88,5,1.54,AU,1680378110
150,aringay,16.4,120.4,25.35,83,100,1.85,PH,1680378110
151,sao filipe,14.8961,-24.4956,26.59,57,0,1.9,CV,1680378110
152,gat,31.61,34.7642,14.34,100,0,1.97,IL,1680378110
153,saint-philippe,-21.3585,55.7679,25.77,82,45,5.25,RE,1680378111
154,golden,39.7555,-105.2211,18.72,18,20,3.6,US,1680377973
155,pecos,31.4229,-103.4932,24.58,6,0,0.0,US,1680378111
156,maragogi,-9.0122,-35.2225,26.44,78,71,3.35,BR,1680377996
157,mlonggo,-6.5333,110.7,24.85,81,100,0.39,ID,1680378113
158,dwarahat,29.7833,79.4333,8.93,90,94,1.16,IN,1680378113
159,eha amufu,6.6592,7.7596,29.23,56,100,3.42,NG,1680378114
160,margate,51.3813,1.3862,8.83,87,100,4.02,GB,1680378114
161,derzhavinsk,51.1,66.3167,1.16,58,0,7.22,KZ,1680378114
162,tiksi,71.6872,128.8694,-18.22,81,93,10.92,RU,1680378114
163,fortuna,40.5982,-124.1573,11.63,91,100,0.45,US,1680378115
164,kuryk,43.2,51.65,6.17,84,100,8.67,KZ,1680378115
165,vila franca do campo,37.7167,-25.4333,18.23,86,100,6.43,PT,1680378115
166,monte alegre,-2.0078,-54.0692,27.3,81,100,2.34,BR,1680377793
167,half moon bay,37.4636,-122.4286,18.36,59,0,2.57,US,1680377903
168,ayan,56.45,138.1667,-5.93,94,98,1.85,RU,1680378116
169,suntar,62.1444,117.6319,-27.81,100,42,1.39,RU,1680378116
170,bilma,18.6853,12.9164,25.23,6,63,2.9,NE,1680378116
171,alofi,-19.0595,-169.9187,26.94,83,80,6.17,NU,1680378116
172,hasaki,35.7333,140.8333,13.45,55,79,5.73,JP,1680378117
173,nago,26.5881,127.9761,20.25,83,93,9.2,JP,1680378117
174,pevek,69.7008,170.3133,-23.61,96,100,5.38,RU,1680378117
175,szabadbattyan,47.119,18.3682,11.05,70,100,8.31,HU,1680378117
176,aklavik,68.2191,-135.0107,-16.0,60,20,0.0,CA,1680378118
177,birin,26.8865,88.0718,10.83,87,100,1.31,NP,1680378118
178,petropavlovsk-kamchatskiy,53.0452,158.6483,-4.01,74,0,3.0,RU,1680378118
179,marsa matruh,31.3525,27.2453,17.11,55,0,2.57,EG,1680378118
180,luderitz,-26.6481,15.1594,16.45,90,11,2.11,NA,1680378119
181,vardo,70.3705,31.1107,-3.01,86,100,11.83,NO,1680378119
182,belmonte,-15.8631,-38.8828,27.21,71,0,4.86,BR,1680378120
183,caravelas,-17.7125,-39.2481,27.43,72,0,3.93,BR,1680378120
184,tumut,-35.3,148.2167,8.54,86,6,2.21,AU,1680378120
185,east london,-33.0153,27.9116,21.8,81,97,5.2,ZA,1680378120
186,tonj,7.2737,28.6822,29.4,34,59,1.97,SS,1680378120
187,lenoir city,35.7973,-84.256,25.27,35,0,1.34,US,1680378094
188,vostok,46.4856,135.8833,-3.03,81,1,1.98,RU,1680378121
189,lebu,-37.6167,-73.65,16.77,79,98,4.53,CL,1680378121
190,monopoli,40.9559,17.2896,15.95,75,95,2.39,IT,1680378121
191,nikolskoye,59.7035,30.7861,0.94,96,100,2.46,RU,1680378121
192,zyryanka,65.75,150.85,-19.75,98,100,6.69,RU,1680378122
193,mar del plata,-38.0023,-57.5575,20.01,54,0,4.63,AR,1680378087
194,lac-megantic,45.5834,-70.8823,4.17,100,90,5.19,CA,1680378122
195,bathsheba,13.2167,-59.5167,29.34,61,40,9.77,BB,1680378122
196,iracoubo,5.4802,-53.2011,26.25,76,84,5.12,GF,1680378123
197,wanning,18.8003,110.3967,24.74,88,61,3.44,CN,1680378123
198,freeport,40.6576,-73.5832,22.95,82,100,6.17,US,1680378123
199,beringovskiy,63.05,179.3167,-8.49,65,92,12.4,RU,1680378124
200,bambanglipuro,-7.95,110.2833,24.56,84,100,1.7,ID,1680378124
201,burgeo,47.6167,-57.6152,0.6,82,100,6.54,CA,1680378124
202,narsaq,60.9167,-46.05,1.12,77,81,0.98,GL,1680378125
203,zaigrayevo,51.8336,108.2703,-8.71,65,100,2.16,RU,1680378125
204,konstancin-jeziorna,52.0938,21.1176,8.46,87,75,5.66,PL,1680378125
205,henties bay,-22.116,14.2845,16.14,89,5,3.39,NA,1680378125
206,bubaque,11.2833,-15.8333,25.32,75,0,8.38,GW,1680378126
207,batticaloa,7.7102,81.6924,25.69,85,2,2.92,LK,1680378126
208,zimovniki,47.1483,42.4633,7.78,59,100,2.69,RU,1680378126
209,torbay,47.6666,-52.7314,5.42,50,40,8.23,CA,1680378127
210,tsalka,41.5946,44.0891,-0.87,79,100,2.19,GE,1680378127
211,touros,-5.1989,-35.4608,27.13,76,100,5.65,BR,1680378127
212,evensk,61.95,159.2333,-6.11,95,100,3.13,RU,1680378127
213,bartica,6.4,-58.6167,31.18,63,99,2.84,GY,1680378128
214,emerald,-23.5333,148.1667,20.38,75,91,3.55,AU,1680378128
215,arlit,18.7369,7.3853,25.54,7,1,5.39,NE,1680378128
216,flinders,-34.5833,150.8552,15.66,89,96,0.89,AU,1680378128
217,concordia,-31.393,-58.0209,22.1,50,0,1.79,AR,1680378060
218,rawson,-43.3002,-65.1023,24.81,29,55,7.91,AR,1680378129
219,ingham,42.6,-84.3833,4.24,81,100,6.17,US,1680378129
220,buchanan,5.8808,-10.0467,26.61,84,81,1.66,LR,1680378035
221,murray,40.6669,-111.888,13.27,37,75,11.83,US,1680377853
222,nalut,30.3333,10.85,22.08,13,0,2.27,LY,1680378130
223,oistins,13.0667,-59.5333,29.05,61,40,9.77,BB,1680378130
224,saldanha,-33.0117,17.9442,17.03,86,0,5.24,ZA,1680378130
225,phan thiet,10.9333,108.1,22.98,83,67,1.63,VN,1680378130
226,sorland,67.667,12.6934,1.92,57,17,5.86,NO,1680378130
227,zhigansk,66.7697,123.3711,-26.27,100,92,4.18,RU,1680378131
228,neryungri,56.6709,124.6491,-15.9,90,100,4.81,RU,1680378131
229,souillac,-20.5167,57.5167,26.21,83,20,3.09,MU,1680378131
230,peachland,49.7665,-119.7357,9.66,36,99,4.86,CA,1680378131
231,sabang,5.8933,95.3214,27.78,75,98,2.74,ID,1680378131
232,kumluca,36.3703,30.2869,14.71,87,57,2.02,TR,1680378132
233,leningradskiy,69.3833,178.4167,-16.07,92,100,12.51,RU,1680378132
234,latung,5.5,120.8833,26.73,81,100,6.0,PH,1680378132
235,beyneu,45.3167,55.2,14.37,29,100,5.98,KZ,1680378132
236,novyy urengoy,66.0833,76.6333,0.87,96,100,8.21,RU,1680378133
237,north augusta,33.5018,-81.9651,26.3,67,20,5.66,US,1680378020
238,tamworth,52.634,-1.6959,9.4,83,100,4.52,GB,1680378134
239,poum,-20.2333,164.0167,25.5,75,1,0.62,NC,1680378134
240,chuy,-33.6971,-53.4616,20.22,55,15,4.74,UY,1680378135
241,najran,17.4924,44.1277,25.36,39,35,2.08,SA,1680378135
242,bainbridge,47.6262,-122.5212,9.59,75,75,5.14,US,1680378055
243,isangel,-19.55,169.2667,26.56,83,1,1.73,VU,1680378136
244,tuktoyaktuk,69.4541,-133.0374,-22.0,64,0,5.66,CA,1680378136
245,palmer,42.1584,-72.3287,18.41,80,100,3.58,US,1680378136
246,bara,10.3744,10.7288,29.14,13,37,3.9,NG,1680378137
247,itarema,-2.9248,-39.9167,26.92,79,100,3.32,BR,1680378137
248,vestmannaeyjar,63.4427,-20.2734,5.61,64,100,10.63,IS,1680378137
249,constitucion,-35.3333,-72.4167,21.03,58,24,7.66,CL,1680378137
250,padang,-0.9492,100.3543,24.35,87,100,1.44,ID,1680378137
251,garmsar,35.2182,52.3409,11.14,28,0,6.23,IR,1680378138
252,koygorodok,60.445,50.9968,1.85,85,100,3.94,RU,1680378138
253,belomorsk,64.5232,34.7668,-10.57,95,28,2.09,RU,1680378138
254,palembang,-2.9167,104.7458,23.05,100,100,0.0,ID,1680378139
255,warwick,41.7001,-71.4162,15.37,91,100,9.77,US,1680378139
256,suoyarvi,62.0833,32.35,-4.53,97,99,2.3,RU,1680378139
257,isla vista,34.4133,-119.861,21.28,66,0,3.09,US,1680378139
258,calamar,10.2511,-74.9146,38.42,28,100,4.81,CO,1680378139
259,sabzevar,36.2126,57.6819,11.96,52,58,1.03,IR,1680378139
260,gannan,47.9147,123.5031,11.77,45,100,2.7,CN,1680378140
261,anloga,5.7947,0.8973,28.19,78,91,5.2,GH,1680378140
262,lorengau,-2.0226,147.2712,26.71,79,99,1.61,PG,1680378140
263,krasnyy,54.5678,31.4333,6.7,94,100,3.79,RU,1680378141
264,khakhea,-24.6895,23.494,25.71,36,94,4.02,BW,1680378141
265,sola,-13.8833,167.55,28.15,70,99,4.25,VU,1680378141
266,bonavista,48.6499,-53.1147,0.8,81,51,1.6,CA,1680378142
267,cabo san lucas,22.8909,-109.9124,31.61,55,40,3.09,MX,1680378117
268,santa maria da vitoria,-13.3947,-44.1886,32.44,29,8,1.11,BR,1680378142
269,bengkulu,-3.8004,102.2655,23.31,89,100,1.82,ID,1680377857
270,samarai,-10.6167,150.6667,27.49,77,100,3.39,PG,1680378142
271,dafeng,23.4517,108.5881,22.4,98,100,2.49,CN,1680378143
272,ponta do sol,32.6667,-17.1,22.06,67,1,3.81,PT,1680378143
273,regeneracao,-6.2378,-42.6883,25.94,65,100,0.76,BR,1680378143
274,san cristobal,7.7669,-72.225,19.1,86,100,1.9,VE,1680378143
275,uberaba,-19.7483,-47.9319,29.32,48,75,3.6,BR,1680378143
276,ojuelos de jalisco,21.8667,-101.5833,28.05,19,92,3.58,MX,1680378144
277,bud,39.447,-86.1758,5.48,79,100,9.13,US,1680378144
278,medicine hat,50.0501,-110.6683,9.01,51,75,9.77,CA,1680378121
279,virginia beach,36.8529,-75.978,25.01,66,100,10.8,US,1680378144
280,arrifes,37.7667,-25.7,17.14,82,20,7.2,PT,1680378144
281,cascais,38.6979,-9.4215,17.51,89,75,7.15,PT,1680378145
282,namie,37.4833,141.0,8.88,85,100,3.1,JP,1680378145
283,korla,41.7597,86.1469,6.35,18,0,3.71,CN,1680378145
284,tocopilla,-22.092,-70.1979,23.69,76,17,2.53,CL,1680378113
285,carnarvon,-24.8667,113.6333,24.04,77,76,5.46,AU,1680378146
286,samana,19.2056,-69.3369,31.12,58,20,5.66,DO,1680378146
287,vallenar,-28.5708,-70.7581,28.92,39,47,4.35,CL,1680378147
288,workington,54.6425,-3.5441,7.68,86,99,1.34,GB,1680378147
289,bath,51.3779,-2.3591,11.08,78,98,4.25,GB,1680378147
290,lake cowichan,48.825,-124.0546,8.36,81,82,3.39,CA,1680378052
291,cherskiy,68.75,161.3,-32.69,100,100,1.8,RU,1680378147
292,mahebourg,-20.4081,57.7,26.25,83,20,3.09,MU,1680378147
293,harper,4.375,-7.7169,26.63,85,45,2.74,LR,1680378148
294,ilulissat,69.2167,-51.1,-11.99,72,20,2.57,GL,1680378148
295,naryan-mar,67.6713,53.087,-13.46,98,93,3.19,RU,1680378148
296,broken hill,-31.95,141.4333,10.36,54,0,4.23,AU,1680378148
297,talnakh,69.4865,88.3972,-8.77,94,100,8.84,RU,1680378043
298,gorom-gorom,14.4439,-0.2361,31.33,7,87,4.04,BF,1680378149
299,pestretsy,55.7531,49.6545,2.08,82,100,2.24,RU,1680378149
300,kisii,-0.6817,34.7667,15.29,97,100,0.69,KE,1680378150
301,port-gentil,-0.7193,8.7815,25.98,94,40,1.03,GA,1680378150
302,thinadhoo,0.5333,72.9333,27.53,76,94,2.07,MV,1680378150
303,patamundai,20.5667,86.5667,24.31,84,72,1.83,IN,1680378150
304,magadan,59.5667,150.8,-3.59,97,99,2.32,RU,1680378150
305,nova serrana,-19.8761,-44.9836,26.08,70,100,1.59,BR,1680378150
306,moree,-29.4667,149.85,15.01,57,1,2.71,AU,1680378151
307,mayor pablo lagerenza,-19.9309,-60.7718,33.17,43,87,3.32,PY,1680378151
308,abu dhabi,24.4667,54.3667,23.06,74,20,5.14,AE,1680378135
309,mehamn,71.0357,27.8492,-2.03,69,100,11.32,NO,1680378151
310,lukovetskiy,64.2956,41.9211,-11.63,98,98,1.04,RU,1680378151
311,muros,42.7762,-9.0603,10.69,75,1,4.59,ES,1680378152
312,saint-pierre,-21.3393,55.4781,25.82,83,20,1.54,RE,1680378152
313,bodden town,19.2833,-81.25,29.0,70,20,4.63,KY,1680378152
314,puranpur,28.5167,80.15,17.85,76,7,0.79,IN,1680378152
315,tomari,47.7658,142.0683,-1.17,79,5,1.63,RU,1680378153
316,creel,27.75,-107.6333,19.72,13,100,6.7,MX,1680378153
317,aracruz,-19.8203,-40.2733,27.56,64,98,2.86,BR,1680378153
318,luan,46.3592,6.9759,4.35,90,100,0.54,CH,1680378154
319,vila velha,-20.3297,-40.2925,27.97,78,40,1.03,BR,1680378154
320,raudeberg,61.9875,5.1352,3.37,75,38,1.52,NO,1680378154
321,aleksandro-nevskiy,53.4751,40.2095,3.7,97,100,4.62,RU,1680378154
322,yalova,40.655,29.2769,17.52,67,30,4.04,TR,1680378155
323,belaya gora,68.5333,146.4167,-27.48,97,100,1.66,RU,1680378155
324,crib point,-38.35,145.2,11.69,91,63,1.74,AU,1680378155
325,iqaluit,63.7506,-68.5145,-12.15,72,75,2.57,CA,1680378155
326,port blair,11.6667,92.75,25.95,75,13,1.72,IN,1680378155
327,basak,6.7274,124.1512,22.63,91,100,0.71,PH,1680378156
328,halifax,44.6453,-63.5724,3.16,96,100,7.2,CA,1680378067
329,grass valley,39.2191,-121.0611,13.62,62,100,2.24,US,1680378156
330,cortez,37.3489,-108.5859,11.69,29,0,3.6,US,1680378156
331,ninghai,29.2892,121.4247,11.63,92,0,0.91,CN,1680378157
332,pisco,-13.7,-76.2167,25.03,78,0,3.6,PE,1680378157
333,san-pedro,4.7485,-6.6363,26.58,85,52,2.77,CI,1680378157
334,chokwe,-24.5333,32.9833,21.72,93,0,2.39,MZ,1680378157
335,lachhmangarh,27.8214,75.0251,22.82,45,0,2.66,IN,1680378158
336,champerico,14.3,-91.9167,35.3,60,99,5.99,GT,1680378158
337,kloulklubed,7.0419,134.2556,23.28,73,100,2.1,PW,1680378158
338,hualmay,-11.0964,-77.6139,25.87,76,100,4.29,PE,1680378158
339,villa carlos paz,-31.4241,-64.4978,23.92,30,11,8.49,AR,1680378158
340,lompoc,34.6391,-120.4579,20.38,64,0,9.39,US,1680378159
341,chirongui,-12.9319,45.1483,28.96,74,100,5.6,YT,1680378159
342,kapit,2.0167,112.9333,22.01,99,100,0.6,MY,1680378159
343,verkhoyansk,67.5447,133.385,-33.14,100,94,1.5,RU,1680378159
344,whitehorse,60.7161,-135.0538,1.01,79,100,4.12,CA,1680378160
345,takoradi,4.8845,-1.7554,27.16,82,19,3.56,GH,1680378160
346,kantang,7.4054,99.5156,23.69,84,36,1.52,TH,1680378160
347,tucuma,-0.1833,-50.05,26.62,79,93,3.83,BR,1680378160
348,los llanos de aridane,28.6585,-17.9182,18.86,78,0,6.69,ES,1680377866
349,nome,64.5011,-165.4064,-1.58,100,100,6.69,US,1680378160
350,kodiak,57.79,-152.4072,2.73,44,0,11.83,US,1680378161
351,san felipe,10.3399,-68.7425,27.01,67,96,3.85,VE,1680378161
352,san patricio,28.017,-97.5169,31.2,52,98,5.77,US,1680378161
353,chifeng,42.2683,118.9636,9.43,57,49,3.06,CN,1680378161
354,talaya,61.3833,152.75,-15.35,96,69,1.83,RU,1680378161
355,guiyang,26.5833,106.7167,18.27,77,100,5.0,CN,1680378162
356,kingman,35.1894,-114.053,20.3,21,0,1.54,US,1680378162
357,lingao,19.9103,109.6859,23.29,92,1,3.27,CN,1680378162
358,port hardy,50.6996,-127.4199,6.0,93,75,2.06,CA,1680378162
359,qaqortoq,60.7167,-46.0333,-2.51,81,79,2.54,GL,1680377991
360,novikovo,51.1537,37.8879,4.06,97,100,3.6,RU,1680378162
361,phirangipuram,16.3,80.2667,26.11,89,56,3.14,IN,1680378163
362,chodavaram,17.8333,82.95,25.91,85,8,1.35,IN,1680378163
363,ostrovnoy,68.0531,39.5131,-7.21,86,81,3.66,RU,1680378163
364,viedma,-40.8135,-62.9967,23.74,21,91,8.62,AR,1680378163
365,tosagua,-0.7833,-80.25,30.88,65,100,3.19,EC,1680378163
366,grand gaube,-20.0064,57.6608,26.32,74,8,1.34,MU,1680378163
367,antsohihy,-14.8796,47.9875,24.23,93,100,1.44,MG,1680378164
368,bayji,34.9311,43.487,12.01,34,5,1.5,IQ,1680378164
369,acapulco,16.8634,-99.8901,30.9,55,0,4.12,MX,1680377587
370,vemalwada,18.4667,78.8833,26.31,44,39,2.24,IN,1680378165
371,sorong,-0.8833,131.25,26.32,81,100,1.65,ID,1680378165
372,namatanai,-3.6667,152.4333,25.43,79,100,1.19,PG,1680378165
373,biak,-0.9131,122.8766,24.59,75,100,0.78,ID,1680378165
374,ancud,-41.8697,-73.8203,13.7,79,67,3.25,CL,1680378166
375,nizwa,22.9333,57.5333,26.83,28,15,1.4,OM,1680378166
376,casas grandes,30.3667,-107.95,24.85,6,27,4.66,MX,1680378166
377,klyuchi,52.2667,79.1667,-5.13,53,0,4.35,RU,1680378166
378,bronnoysund,65.4625,12.1997,0.0,64,32,3.13,NO,1680378166
379,jungapeo,19.45,-100.4833,29.89,35,2,4.34,MX,1680378167
380,broome,42.2506,-75.833,21.68,37,2,5.36,US,1680378167
381,lagoa,39.05,-27.9833,15.9,88,100,10.64,PT,1680377989
382,kholtoson,50.2981,103.3097,-14.57,62,100,4.5,RU,1680378167
383,pilibanga,29.4916,74.079,20.32,66,0,4.03,IN,1680378167
384,ambulu,-8.345,113.6058,24.02,89,100,0.8,ID,1680378168
385,can tho,10.0333,105.7833,23.99,100,20,1.03,VN,1680378168
386,mathathane,-22.2687,28.7495,22.39,61,2,5.95,BW,1680378168
387,waingapu,-9.6567,120.2641,25.38,83,72,1.16,ID,1680378168
388,mambajao,9.2504,124.7156,25.76,88,100,1.72,PH,1680378168
389,spassk-ryazanskiy,54.4072,40.3806,3.89,97,100,4.99,RU,1680378169
390,massakory,12.996,15.7293,31.64,10,6,6.62,TD,1680378169
391,urusha,54.05,122.9,-6.63,74,100,3.67,RU,1680378169
392,catamarca,-28.4696,-65.7852,27.55,53,7,4.02,AR,1680377952
393,licata,37.1071,13.9461,15.17,70,99,5.65,IT,1680378169
394,chapais,49.7834,-74.8492,-3.12,89,100,6.12,CA,1680378169
395,aykhal,66.0,111.5,-15.84,93,100,9.38,RU,1680378170
396,soyo,-6.1349,12.3689,26.84,79,95,3.21,AO,1680378170
397,kishi,9.0833,3.85,31.0,36,84,2.98,NG,1680378170
398,vao,-22.6667,167.4833,25.66,82,31,5.0,NC,1680378170
399,patan,27.6667,85.3333,11.11,93,20,1.03,NP,1680378170
400,hami,42.8,93.45,0.73,24,100,6.63,CN,1680378171
401,coihueco,-36.6167,-71.8333,27.41,28,0,6.17,CL,1680378171
402,nanortalik,60.1432,-45.2371,-1.63,77,16,2.46,GL,1680378171
403,benjamin hill,30.1667,-111.1,25.14,7,0,5.44,MX,1680378171
404,bilibino,68.0546,166.4372,-27.06,100,99,0.74,RU,1680378172
405,poronaysk,49.2167,143.1167,-4.69,95,15,0.77,RU,1680378172
406,dingle,10.9995,122.6711,24.25,86,100,2.18,PH,1680378172
407,coahuayana,18.7333,-103.6833,32.68,32,98,3.69,MX,1680378172
408,tarakan,3.3,117.6333,26.21,81,100,2.92,ID,1680378172
409,alice springs,-23.7,133.8833,15.75,100,100,0.0,AU,1680378172
410,guatire,10.4762,-66.5427,29.83,61,98,3.28,VE,1680378173
411,kavieng,-2.5744,150.7967,26.87,81,100,1.57,PG,1680378173
412,doka,13.5167,35.7667,29.99,13,99,6.01,SD,1680378173
413,vanimo,-2.6741,141.3028,24.63,89,37,1.86,PG,1680378003
414,sitka,57.0531,-135.33,3.94,81,40,3.09,US,1680378107
415,aktas,49.7789,72.9608,-5.14,51,0,6.92,KZ,1680378174
416,singaparna,-7.3515,108.111,22.02,93,100,1.19,ID,1680378174
417,katherine,-14.4667,132.2667,24.18,73,26,1.54,AU,1680378174
418,phetchaburi,12.9667,99.5833,22.93,89,18,1.68,TH,1680378174
419,ust-karsk,52.7011,118.8077,-2.16,78,100,3.89,RU,1680378174
420,port-cartier,50.0334,-66.8654,-0.14,97,100,7.31,CA,1680378174
421,coquimbo,-29.9533,-71.3436,19.85,72,0,5.66,CL,1680377962
422,shihezi,44.3,86.0333,0.19,27,0,4.74,CN,1680378175
423,guerrero negro,27.9769,-114.0611,19.54,47,0,7.42,MX,1680378175
424,wageningen,51.9667,5.6667,9.05,95,100,5.66,NL,1680378175
425,sindor,62.8629,51.8905,0.51,97,100,4.56,RU,1680378175
426,pavlogradka,54.2024,73.5592,-6.23,76,8,4.02,RU,1680378175
427,lumphat,13.4878,106.9816,26.68,66,90,0.28,KH,1680378176
428,san marcelino,14.9742,120.1573,28.61,83,100,1.63,PH,1680378176
429,lavrentiya,65.5833,-171.0,-3.95,95,100,2.93,RU,1680378176
430,cayenne,4.9333,-52.3333,28.02,69,75,6.17,GF,1680378176
431,rio gallegos,-51.6226,-69.2181,14.03,38,40,12.35,AR,1680377969
432,abeche,13.8292,20.8324,28.06,13,27,3.55,TD,1680378177
433,pleasanton,37.6624,-121.8747,17.81,53,0,2.06,US,1680377965
434,ilo,-17.6394,-71.3375,25.48,73,0,3.6,PE,1680378177
435,varhaug,58.6147,5.6457,4.27,74,4,1.24,NO,1680378177
436,ende,-8.8432,121.6623,25.23,89,100,0.81,ID,1680378177
437,quatre cocos,-20.2078,57.7625,26.16,75,10,4.11,MU,1680378177
438,heide,54.2,9.1,4.5,73,85,7.29,DE,1680378178
439,fairbanks,64.8378,-147.7164,-5.51,60,0,0.45,US,1680378178
440,santiago del estero,-27.7951,-64.2615,19.5,48,100,2.08,AR,1680378178
441,pafos,34.7667,32.4167,15.88,67,75,3.09,CY,1680378178
442,olafsvik,64.8945,-23.7142,3.91,85,74,9.86,IS,1680378178
443,vilhena,-12.7406,-60.1458,32.12,45,40,3.09,BR,1680378179
444,ust-kulom,61.6864,53.6902,2.08,84,98,5.19,RU,1680378179
445,linfen,36.0889,111.5189,15.8,70,19,2.55,CN,1680378179
446,saurimo,-9.6608,20.3916,18.54,95,100,1.12,AO,1680378179
447,veraval,20.9,70.3667,24.16,77,28,4.37,IN,1680378179
448,grootfontein,-19.5667,18.1167,19.76,68,65,0.51,NA,1680378180
449,boulder city,35.9786,-114.8325,19.87,16,0,3.09,US,1680378180
450,oktyabrskoye,43.0645,44.7417,1.08,87,100,2.0,RU,1680378181
451,opuwo,-18.0607,13.84,24.41,39,97,3.63,NA,1680378181
452,kuching,1.55,110.3333,26.68,87,40,0.0,MY,1680378181
453,el dorado,38.7666,-120.5177,12.21,63,67,1.34,US,1680378181
454,haines junction,60.7522,-137.5108,-3.03,59,100,6.69,CA,1680378182
455,karasjok,69.4719,25.5112,-11.14,94,41,3.44,NO,1680378182
456,hambantota,6.1241,81.1185,25.73,83,56,1.23,LK,1680378183
457,anstruther,56.2231,-2.7023,6.54,87,100,2.57,GB,1680378183
458,metro,-5.1131,105.3067,22.89,87,90,1.73,ID,1680378183
459,bogdana,43.9333,25.0833,9.49,82,91,8.78,RO,1680378184
460,baiima,8.1,-11.85,26.84,76,59,2.21,SL,1680378184
461,marawi,7.9986,124.2928,20.61,95,100,0.87,PH,1680378184
462,madhogarh,26.276,79.1869,23.5,43,5,1.69,IN,1680378185
463,komsomolskiy,40.4272,71.7189,15.4,55,100,4.12,UZ,1680378185
464,keskin,39.6731,33.6136,7.41,61,46,3.32,TR,1680378185
465,avallon,47.4833,3.9,6.03,94,11,2.92,FR,1680378185
466,jatibonico,21.9419,-79.17,34.85,23,1,3.88,CU,1680378186
467,posse,-14.0931,-46.3694,30.45,35,9,1.34,BR,1680378186
468,khandyga,62.6667,135.6,-15.48,95,100,2.65,RU,1680378186
469,jardin,5.599,-75.8198,21.71,76,77,0.79,CO,1680378186
470,high level,58.5169,-117.136,-3.94,80,75,2.57,CA,1680378186
471,zarichne,51.8126,26.129,6.66,93,45,2.5,UA,1680378187
472,vacaria,-28.5122,-50.9339,16.59,42,0,3.73,BR,1680377727
473,palauig,15.435,119.9045,25.98,82,100,2.86,PH,1680378187
474,amazar,53.858,120.875,-7.09,66,100,3.89,RU,1680378187
475,kieta,-6.2167,155.6333,25.4,83,100,1.41,PG,1680378187
476,rimouski,48.4488,-68.524,0.1,99,100,4.86,CA,1680378188
477,formosa,-26.1775,-58.1781,28.99,54,0,2.57,AR,1680378188
478,mount gambier,-37.8333,140.7667,7.96,88,18,0.59,AU,1680378188
479,brae,60.3964,-1.353,5.24,71,36,3.8,GB,1680378189
480,yerbogachen,61.2767,108.0108,-26.8,100,19,1.72,RU,1680378189
481,nelson bay,-32.7167,152.15,16.11,96,77,4.92,AU,1680378189
482,pacific grove,36.6177,-121.9166,17.9,58,0,3.6,US,1680377977
483,yar-sale,66.8333,70.8333,1.05,99,100,8.1,RU,1680378189
484,harihar,14.5167,75.8,21.96,76,53,3.13,IN,1680378190
485,torquay,50.4638,-3.5143,10.71,87,30,4.47,GB,1680378190
486,matagami,49.7502,-77.6328,-5.94,49,0,11.32,CA,1680378190
487,sinnamary,5.3833,-52.95,26.88,72,87,5.07,GF,1680378190
488,ifakara,-8.1333,36.6833,21.81,95,99,1.24,TZ,1680378191
489,madison,34.7334,-86.5667,25.64,22,0,8.23,US,1680378019
490,fuzhou,26.0614,119.3061,12.94,94,12,0.48,CN,1680378191
491,victoria,22.2855,114.1577,22.03,91,99,4.92,HK,1680377894
492,wichita falls,33.9137,-98.4934,21.25,29,0,6.26,US,1680378191
493,puerto maldonado,-12.6,-69.1833,27.22,83,75,3.09,PE,1680378191
494,slave lake,55.2834,-114.769,1.99,80,100,1.54,CA,1680378192
495,lazaro cardenas,17.9583,-102.2,29.6,47,30,5.0,MX,1680378192
496,kragero,58.8693,9.4149,1.36,84,6,3.93,NO,1680378192
497,olinda,-8.0089,-34.8553,28.85,65,40,3.6,BR,1680378171
498,raymondville,26.4815,-97.7831,31.16,59,99,5.53,US,1680378192
499,nyurba,63.2842,118.3319,-25.3,99,64,2.61,RU,1680378193
500,iglesias,39.3114,8.535,12.85,77,10,4.08,IT,1680378193
501,zhuhai,22.2769,113.5678,21.88,94,40,4.12,CN,1680378193
502,buin,-33.7333,-70.75,32.18,11,26,3.27,CL,1680378193
503,baturaja,-4.1333,104.1667,21.97,97,90,1.01,ID,1680378193
504,bima,-8.4667,118.7167,23.91,94,93,0.93,ID,1680378194
505,sibolga,1.7427,98.7792,24.01,92,100,1.66,ID,1680378194
506,cockburn town,21.4612,-71.1419,26.98,65,40,6.69,TC,1680378194
507,erenhot,43.6475,111.9767,10.69,76,100,6.58,CN,1680378194
508,bykovo,55.6361,38.0803,6.23,87,75,3.0,RU,1680378194
509,cabedelo,-6.9811,-34.8339,29.37,75,100,5.56,BR,1680378194
510,omsukchan,62.5333,155.8,-12.0,97,99,0.69,RU,1680378195
511,quelimane,-17.8786,36.8883,23.52,82,100,1.85,MZ,1680378195
512,kedrovyy,56.1667,91.8167,-17.77,99,13,0.96,RU,1680378195
513,lugui,14.1131,122.7935,22.86,95,57,0.19,PH,1680378195
514,wagar,16.1525,36.2032,26.48,26,91,6.41,SD,1680378195
515,esmeraldas,-19.7625,-44.3139,31.58,68,100,2.58,BR,1680378157
516,hofn,64.2539,-15.2082,4.7,76,1,3.69,IS,1680378196
517,kristiansund,63.1115,7.732,2.36,51,44,5.66,NO,1680378196
518,honiara,-9.4333,159.95,25.53,86,94,0.97,SB,1680378196
519,kyaikto,17.3,97.0167,25.97,81,7,0.65,MM,1680378196
520,dera ghazi khan,30.0561,70.6348,21.11,69,57,3.83,PK,1680378197
521,eureka,40.8021,-124.1637,10.93,95,100,0.89,US,1680378117
522,ust-ishim,57.6935,71.1665,-1.72,73,73,5.26,RU,1680378197
523,pundaguitan,6.3711,126.1689,26.73,80,100,2.54,PH,1680378197
524,shache,38.4167,77.2406,14.23,28,99,0.25,CN,1680378197
525,mana,5.6592,-53.7767,27.0,72,61,5.71,GF,1680378198
526,santa marta,11.2408,-74.199,25.03,78,20,6.17,CO,1680377963
527,geraldton,-28.7667,114.6,18.23,94,40,1.03,AU,1680378198
528,dabakala,8.3667,-4.4333,31.14,35,100,1.99,CI,1680378198
529,deputatskiy,69.3,139.9,-32.98,100,51,2.63,RU,1680378198
530,sao jose da coroa grande,-8.8978,-35.1478,26.64,76,80,3.14,BR,1680378199
531,itoman,26.1247,127.6694,21.01,73,75,10.8,JP,1680378199
532,eravur,7.7733,81.6095,25.49,85,2,2.63,LK,1680378199
533,hanna,51.6334,-111.9018,-0.84,100,82,2.74,CA,1680378199
534,loa janan,-0.583,117.095,22.52,98,100,0.87,ID,1680378199
535,namibe,-15.1961,12.1522,24.59,81,97,2.62,AO,1680378200
536,bandrele,-12.9067,45.1914,28.86,74,100,4.63,YT,1680378200
537,butembo,0.15,29.2833,14.84,88,94,1.47,CD,1680378200
538,dali,25.7,100.1833,10.28,84,73,2.43,CN,1680378200
539,lerwick,60.1545,-1.1494,5.0,65,6,4.24,GB,1680378201
540,kasongo-lunda,-6.4667,16.8167,21.33,98,99,0.76,CD,1680378201
541,husavik,66.0449,-17.3389,1.82,79,2,5.94,IS,1680378201
542,usogorsk,63.4106,48.6872,-7.72,98,79,1.23,RU,1680378201
543,chernyshevskiy,63.0128,112.4714,-26.71,100,98,2.26,RU,1680378202
544,gimli,50.6336,-96.9907,0.01,40,98,5.66,CA,1680378202
545,pitimbu,-7.4706,-34.8086,29.33,75,100,5.17,BR,1680378203
546,do gonbadan,30.3586,50.7981,9.05,49,0,2.06,IR,1680378203
547,tombouctou,20.0,-3.0,28.01,6,0,3.21,ML,1680378204
548,chambery,45.5667,5.9333,7.79,94,75,1.03,FR,1680378204
549,lamesa,32.7376,-101.951,21.96,12,29,4.46,US,1680378204
550,shitkino,56.3703,98.3543,-15.63,97,66,0.3,RU,1680378204
551,hirara,24.8,125.2833,20.92,83,100,6.17,JP,1680378205
552,burnie,-41.0667,145.9167,9.97,89,100,3.45,AU,1680378205
553,satwas,22.5333,76.6833,25.8,30,2,2.8,IN,1680378205
554,launceston,-41.45,147.1667,6.75,87,74,2.57,AU,1680378206
